time,current,voltage
0.000000,0.537600,403.200000
0.000100,0.537570,403.177222
0.000200,0.537539,403.154445
0.000400,0.537479,403.108893
0.000800,0.537357,403.017805
0.001600,0.537114,402.835691
0.003200,0.536629,402.471711
0.006400,0.535660,401.744735
0.012800,0.533726,400.294720
0.022800,0.530719,398.039539
0.032800,0.527729,395.797063
0.042800,0.524756,393.567220
0.052800,0.521800,391.349940
0.062800,0.518860,389.145152
0.072800,0.515937,386.952785
0.082800,0.513030,384.772769
0.092800,0.510140,382.605035
0.102800,0.507266,380.449514
0.112800,0.504408,378.306136
0.122800,0.501566,376.174834
0.132800,0.498741,374.055539
0.142800,0.495931,371.948184
0.152800,0.493137,369.852701
0.162800,0.490359,367.769024
0.172800,0.487596,365.697086
0.182800,0.484849,363.636821
0.192800,0.482118,361.588162
0.202800,0.479401,359.551046
0.212800,0.476701,357.525406
0.222800,0.474015,355.511179
0.232800,0.471344,353.508299
0.242800,0.468689,351.516703
0.252800,0.466048,349.536327
0.262800,0.463423,347.567108
0.272800,0.460812,345.608984
0.282800,0.458216,343.661891
0.292800,0.455634,341.725767
0.302800,0.453067,339.800552
0.312800,0.450515,337.886183
0.322800,0.447977,335.982598
0.332800,0.445453,334.089739
0.342800,0.442943,332.207543
0.352800,0.440448,330.335951
0.362800,0.437967,328.474904
0.372800,0.435499,326.624341
0.382800,0.433046,324.784204
0.392800,0.430606,322.954433
0.402800,0.428180,321.134972
0.412800,0.425768,319.325761
0.422800,0.423369,317.526742
0.432800,0.420984,315.737859
0.442800,0.418612,313.959054
0.452800,0.416254,312.190271
0.462800,0.413909,310.431453
0.472800,0.411577,308.682543
0.482800,0.409258,306.943486
0.492800,0.406952,305.214227
0.502800,0.404660,303.494711
0.512800,0.402380,301.784881
0.522800,0.400113,300.084685
0.532800,0.397859,298.394067
0.542800,0.395617,296.712973
0.552800,0.393388,295.041351
0.562800,0.391172,293.379146
0.572800,0.388968,291.726306
0.582800,0.386777,290.082778
0.592800,0.384598,288.448508
0.602800,0.382431,286.823446
0.612800,0.380277,285.207540
0.622800,0.378134,283.600737
0.632800,0.376004,282.002986
0.642800,0.373886,280.414237
0.652800,0.371779,278.834438
0.662800,0.369685,277.263540
0.672800,0.367602,275.701492
0.682800,0.365531,274.148244
0.692800,0.363472,272.603747
0.702800,0.361424,271.067951
0.712800,0.359388,269.540808
0.722800,0.357363,268.022268
0.732800,0.355350,266.512283
0.742800,0.353348,265.010806
0.752800,0.351357,263.517787
0.762800,0.349378,262.033180
0.772800,0.347409,260.556937
0.782800,0.345452,259.089010
0.792800,0.343506,257.629354
0.802800,0.341571,256.177921
0.812800,0.339646,254.734665
0.822800,0.337733,253.299540
0.832800,0.335830,251.872500
0.842800,0.333938,250.453500
0.852800,0.332057,249.042495
0.862800,0.330186,247.639438
0.872800,0.328326,246.244287
0.882800,0.326476,244.856995
0.892800,0.324637,243.477519
0.902800,0.322808,242.105815
0.912800,0.320989,240.741838
0.922800,0.319181,239.385546
0.932800,0.317383,238.036895
0.942800,0.315594,236.695842
0.952800,0.313816,235.362344
0.962800,0.312048,234.036359
0.972800,0.310290,232.717845
0.982800,0.308542,231.406758
0.992800,0.306804,230.103058
1.002800,0.305076,228.806703
1.012800,0.303357,227.517651
1.022800,0.301648,226.235862
1.032800,0.299948,224.961293
1.042800,0.298259,223.693906
1.052800,0.296578,222.433658
1.062800,0.294907,221.180511
1.072800,0.293246,219.934424
1.082800,0.291594,218.695356
1.092800,0.289951,217.463270
1.102800,0.288317,216.238125
1.112800,0.286693,215.019882
1.122800,0.285078,213.808502
1.132800,0.283472,212.603947
1.142800,0.281875,211.406179
1.152800,0.280287,210.215158
1.162800,0.278708,209.030847
1.172800,0.277138,207.853208
1.182800,0.275576,206.682204
1.192800,0.274024,205.517798
1.202800,0.272480,204.359951
1.212800,0.270945,203.208627
1.222800,0.269418,202.063790
1.232800,0.267901,200.925402
1.242800,0.266391,199.793428
1.252800,0.264890,198.667832
1.262800,0.263398,197.548576
1.272800,0.261914,196.435626
1.282800,0.260439,195.328947
1.292800,0.258971,194.228502
1.302800,0.257512,193.134257
1.312800,0.256062,192.046177
1.322800,0.254619,190.964226
1.332800,0.253184,189.888372
1.342800,0.251758,188.818578
1.352800,0.250340,187.754811
1.362800,0.248929,186.697038
1.372800,0.247527,185.645223
1.382800,0.246132,184.599335
1.392800,0.244746,183.559339
1.402800,0.243367,182.525201
1.412800,0.241996,181.496890
1.422800,0.240632,180.474373
1.432800,0.239277,179.457616
1.442800,0.237929,178.446587
1.452800,0.236588,177.441254
1.462800,0.235255,176.441585
1.472800,0.233930,175.447548
1.482800,0.232612,174.459111
1.492800,0.231302,173.476243
1.502800,0.229999,172.498912
1.512800,0.228703,171.527087
1.522800,0.227414,170.560737
1.532800,0.226133,169.599832
1.542800,0.224859,168.644340
1.552800,0.223592,167.694231
1.562800,0.222333,166.749474
1.572800,0.221080,165.810041
1.582800,0.219835,164.875900
1.592800,0.218596,163.947021
1.602800,0.217365,163.023376
1.612800,0.216140,162.104935
1.622800,0.214922,161.191667
1.632800,0.213711,160.283545
1.642800,0.212507,159.380539
1.652800,0.211310,158.482621
1.662800,0.210120,157.589761
1.672800,0.208936,156.701931
1.682800,0.207759,155.819104
1.692800,0.206588,154.941250
1.702800,0.205424,154.068341
1.712800,0.204267,153.200350
1.722800,0.203116,152.337250
1.732800,0.201972,151.479012
1.742800,0.200834,150.625609
1.752800,0.199703,149.777014
1.762800,0.198578,148.933200
1.772800,0.197459,148.094140
1.782800,0.196346,147.259806
1.792800,0.195240,146.430174
1.802800,0.194140,145.605215
1.812800,0.193047,144.784904
1.822800,0.191959,143.969214
1.832800,0.190877,143.158120
1.842800,0.189802,142.351595
1.852800,0.188733,141.549615
1.862800,0.187670,140.752152
1.872800,0.186612,139.959182
1.882800,0.185561,139.170680
1.892800,0.184515,138.386620
1.902800,0.183476,137.606977
1.912800,0.182442,136.831726
1.922800,0.181414,136.060843
1.932800,0.180392,135.294303
1.942800,0.179376,134.532082
1.952800,0.178366,133.774154
1.962800,0.177361,133.020497
1.972800,0.176361,132.271086
1.982800,0.175368,131.525897
1.992800,0.174380,130.784906
2.002800,0.173397,130.048089
2.012800,0.172421,129.315424
2.022800,0.171449,128.586887
2.032800,0.170483,127.862453
2.042800,0.169523,127.142102
2.052800,0.168568,126.425808
2.062800,0.167618,125.713550
2.072800,0.166674,125.005305
2.082800,0.165735,124.301049
2.092800,0.164801,123.600762
2.102800,0.163873,122.904419
2.112800,0.162949,122.212000
2.122800,0.162031,121.523482
2.132800,0.161118,120.838843
2.142800,0.160211,120.158060
2.152800,0.159308,119.481114
2.162800,0.158411,118.807980
2.172800,0.157518,118.138640
2.182800,0.156631,117.473070
2.192800,0.155748,116.811250
2.202800,0.154871,116.153158
2.212800,0.153998,115.498774
2.222800,0.153131,114.848077
2.232800,0.152268,114.201046
2.242800,0.151410,113.557659
2.252800,0.150557,112.917898
2.262800,0.149709,112.281741
2.272800,0.148866,111.649168
2.282800,0.148027,111.020158
2.292800,0.147193,110.394692
2.302800,0.146364,109.772751
2.312800,0.145539,109.154313
2.322800,0.144719,108.539359
2.332800,0.143904,107.927869
2.342800,0.143093,107.319825
2.352800,0.142287,106.715206
2.362800,0.141485,106.113994
2.372800,0.140688,105.516168
2.382800,0.139896,104.921711
2.392800,0.139107,104.330603
2.402800,0.138324,103.742825
2.412800,0.137544,103.158358
2.422800,0.136770,102.577184
2.432800,0.135999,101.999285
2.442800,0.135233,101.424641
2.452800,0.134471,100.853235
2.462800,0.133713,100.285047
2.472800,0.132960,99.720061
2.482800,0.132211,99.158258
2.492800,0.131466,98.599620
2.502800,0.130726,98.044129
2.512800,0.129989,97.491768
2.522800,0.129257,96.942518
2.532800,0.128528,96.396363
2.542800,0.127804,95.853285
2.552800,0.127084,95.313267
2.562800,0.126368,94.776291
2.572800,0.125656,94.242340
2.582800,0.124949,93.711397
2.592800,0.124245,93.183445
2.602800,0.123545,92.658468
2.612800,0.122849,92.136449
2.622800,0.122156,91.617370
2.632800,0.121468,91.101216
2.642800,0.120784,90.587970
2.652800,0.120103,90.077615
2.662800,0.119427,89.570135
2.672800,0.118754,89.065515
2.682800,0.118085,88.563737
2.692800,0.117420,88.064787
2.702800,0.116758,87.568647
2.712800,0.116100,87.075303
2.722800,0.115446,86.584737
2.732800,0.114796,86.096936
2.742800,0.114149,85.611883
2.752800,0.113506,85.129562
2.762800,0.112867,84.649959
2.772800,0.112231,84.173058
2.782800,0.111598,83.698844
2.792800,0.110970,83.227301
2.802800,0.110345,82.758415
2.812800,0.109723,82.292170
2.822800,0.109105,81.828552
2.832800,0.108490,81.367546
2.842800,0.107879,80.909138
2.852800,0.107271,80.453312
2.862800,0.106667,80.000053
2.872800,0.106066,79.549349
2.882800,0.105468,79.101184
2.892800,0.104874,78.655543
2.902800,0.104283,78.212413
2.912800,0.103696,77.771780
2.922800,0.103112,77.333629
2.932800,0.102531,76.897947
2.942800,0.101953,76.464719
2.952800,0.101379,76.033932
2.962800,0.100807,75.605571
2.972800,0.100239,75.179625
2.982800,0.099675,74.756077
2.992800,0.099113,74.334916
3.002800,0.098555,73.916128
3.012800,0.098000,73.499699
3.022800,0.097447,73.085616
3.032800,0.096898,72.673866
3.042800,0.096353,72.264436
3.052800,0.095810,71.857313
3.062800,0.095270,71.452483
3.072800,0.094733,71.049934
3.082800,0.094200,70.649652
3.092800,0.093669,70.251626
3.102800,0.093141,69.855842
3.112800,0.092616,69.462288
3.122800,0.092095,69.070951
3.132800,0.091576,68.681819
3.142800,0.091060,68.294879
3.152800,0.090547,67.910119
3.162800,0.090037,67.527527
3.172800,0.089529,67.147091
3.182800,0.089025,66.768797
3.192800,0.088524,66.392635
3.202800,0.088025,66.018592
3.212800,0.087529,65.646656
3.222800,0.087036,65.276816
3.232800,0.086545,64.909059
3.242800,0.086058,64.543374
3.252800,0.085573,64.179750
3.262800,0.085091,63.818173
3.272800,0.084612,63.458634
3.282800,0.084135,63.101121
3.292800,0.083661,62.745622
3.302800,0.083190,62.392125
3.312800,0.082721,62.040620
3.322800,0.082255,61.691096
3.332800,0.081791,61.343540
3.342800,0.081331,60.997943
3.352800,0.080872,60.654293
3.362800,0.080417,60.312578
3.372800,0.079964,59.972789
3.382800,0.079513,59.634914
3.392800,0.079065,59.298943
3.402800,0.078620,58.964864
3.412800,0.078177,58.632668
3.422800,0.077736,58.302343
3.432800,0.077299,57.973879
3.442800,0.076863,57.647266
3.452800,0.076430,57.322492
3.462800,0.075999,56.999549
3.472800,0.075571,56.678424
3.482800,0.075145,56.359109
3.492800,0.074722,56.041593
3.502800,0.074301,55.725866
3.512800,0.073883,55.411917
3.522800,0.073466,55.099738
3.532800,0.073052,54.789317
3.542800,0.072641,54.480644
3.552800,0.072232,54.173711
3.562800,0.071825,53.868507
3.572800,0.071420,53.565023
3.582800,0.071018,53.263248
3.592800,0.070618,52.963173
3.602800,0.070220,52.664789
3.612800,0.069824,52.368086
3.622800,0.069431,52.073055
3.632800,0.069040,51.779685
3.642800,0.068651,51.487969
3.652800,0.068264,51.197896
3.662800,0.067879,50.909457
3.672800,0.067497,50.622643
3.682800,0.067117,50.337445
3.692800,0.066738,50.053854
3.702800,0.066362,49.771860
3.712800,0.065989,49.491455
3.722800,0.065617,49.212630
3.732800,0.065247,48.935376
3.742800,0.064880,48.659684
3.752800,0.064514,48.385545
3.762800,0.064151,48.112950
3.772800,0.063789,47.841891
3.782800,0.063430,47.572359
3.792800,0.063072,47.304346
3.802800,0.062717,47.037843
3.812800,0.062364,46.772841
3.822800,0.062012,46.509332
3.832800,0.061663,46.247307
3.842800,0.061316,45.986759
3.852800,0.060970,45.727679
3.862800,0.060627,45.470058
3.872800,0.060285,45.213889
3.882800,0.059946,44.959163
3.892800,0.059608,44.705872
3.902800,0.059272,44.454008
3.912800,0.058938,44.203563
3.922800,0.058606,43.954528
3.932800,0.058276,43.706897
3.942800,0.057948,43.460661
3.952800,0.057621,43.215812
3.962800,0.057296,42.972343
3.972800,0.056974,42.730245
3.982800,0.056653,42.489512
3.992800,0.056334,42.250134
4.002800,0.056016,42.012105
4.012800,0.055701,41.775417
4.022800,0.055387,41.540063
4.032800,0.055075,41.306034
4.042800,0.054764,41.073324
4.052800,0.054456,40.841925
4.062800,0.054149,40.611830
4.072800,0.053844,40.383031
4.082800,0.053541,40.155521
4.092800,0.053239,39.929292
4.102800,0.052939,39.704339
4.112800,0.052641,39.480652
4.122800,0.052344,39.258226
4.132800,0.052049,39.037053
4.142800,0.051756,38.817126
4.152800,0.051465,38.598438
4.162800,0.051175,38.380982
4.172800,0.050886,38.164751
4.182800,0.050600,37.949738
4.192800,0.050315,37.735937
4.202800,0.050031,37.523340
4.212800,0.049749,37.311941
4.222800,0.049469,37.101733
4.232800,0.049190,36.892709
4.242800,0.048913,36.684863
4.252800,0.048638,36.478187
4.262800,0.048364,36.272677
4.272800,0.048091,36.068323
4.282800,0.047820,35.865122
4.292800,0.047551,35.663065
4.302800,0.047283,35.462146
4.312800,0.047016,35.262359
4.322800,0.046752,35.063698
4.332800,0.046488,34.866156
4.342800,0.046226,34.669727
4.352800,0.045966,34.474405
4.362800,0.045707,34.280183
4.372800,0.045449,34.087055
4.382800,0.045193,33.895015
4.392800,0.044939,33.704057
4.402800,0.044686,33.514175
4.412800,0.044434,33.325363
4.422800,0.044183,33.137614
4.432800,0.043935,32.950924
4.442800,0.043687,32.765285
4.452800,0.043441,32.580692
4.462800,0.043196,32.397138
4.472800,0.042953,32.214619
4.482800,0.042711,32.033128
4.492800,0.042470,31.852660
4.502800,0.042231,31.673208
4.512800,0.041993,31.494768
4.522800,0.041756,31.317333
4.532800,0.041521,31.140897
4.542800,0.041287,30.965455
4.552800,0.041055,30.791002
4.562800,0.040823,30.617532
4.572800,0.040593,30.445038
4.582800,0.040365,30.273517
4.592800,0.040137,30.102962
4.602800,0.039911,29.933368
4.612800,0.039686,29.764729
4.622800,0.039463,29.597041
4.632800,0.039240,29.430297
4.642800,0.039019,29.264492
4.652800,0.038799,29.099622
4.662800,0.038581,28.935680
4.672800,0.038364,28.772662
4.682800,0.038147,28.610563
4.692800,0.037933,28.449377
4.702800,0.037719,28.289098
4.712800,0.037506,28.129723
4.722800,0.037295,27.971246
4.732800,0.037085,27.813661
4.742800,0.036876,27.656965
4.752800,0.036668,27.501151
4.762800,0.036462,27.346215
4.772800,0.036256,27.192152
4.782800,0.036052,27.038956
4.792800,0.035849,26.886624
4.802800,0.035647,26.735150
4.812800,0.035446,26.584530
4.822800,0.035246,26.434758
4.832800,0.035048,26.285830
4.842800,0.034850,26.137740
4.852800,0.034654,25.990485
4.862800,0.034459,25.844060
4.872800,0.034265,25.698460
4.882800,0.034072,25.553680
4.892800,0.033880,25.409715
4.902800,0.033689,25.266562
4.912800,0.033499,25.124215
4.922800,0.033310,24.982670
4.932800,0.033123,24.841923
4.942800,0.032936,24.701968
4.952800,0.032750,24.562802
4.962800,0.032566,24.424420
4.972800,0.032382,24.286818
4.982800,0.032200,24.149991
4.992800,0.032019,24.013935
5.002800,0.031838,23.878645
5.012800,0.031659,23.744117
5.022800,0.031480,23.610348
5.032800,0.031303,23.477332
5.042800,0.031127,23.345065
5.052800,0.030951,23.213543
5.062800,0.030777,23.082763
5.072800,0.030604,22.952719
5.082800,0.030431,22.823408
5.092800,0.030260,22.694825
5.102800,0.030089,22.566967
5.112800,0.029920,22.439829
5.122800,0.029751,22.313408
5.132800,0.029584,22.187699
5.142800,0.029417,22.062697
5.152800,0.029251,21.938401
5.162800,0.029086,21.814804
5.172800,0.028923,21.691904
5.182800,0.028760,21.569696
5.192800,0.028598,21.448176
5.202800,0.028436,21.327341
5.212800,0.028276,21.207187
5.222800,0.028117,21.087710
5.232800,0.027959,20.968906
5.242800,0.027801,20.850772
5.252800,0.027644,20.733303
5.262800,0.027489,20.616495
5.272800,0.027334,20.500346
5.282800,0.027180,20.384851
5.292800,0.027027,20.270007
5.302800,0.026874,20.155810
5.312800,0.026723,20.042256
5.322800,0.026572,19.929342
5.332800,0.026423,19.817064
5.342800,0.026274,19.705418
5.352800,0.026126,19.594402
5.362800,0.025979,19.484011
5.372800,0.025832,19.374242
5.382800,0.025687,19.265091
5.392800,0.025542,19.156555
5.402800,0.025398,19.048631
5.412800,0.025255,18.941315
5.422800,0.025113,18.834603
5.432800,0.024971,18.728493
5.442800,0.024831,18.622980
5.452800,0.024691,18.518062
5.462800,0.024552,18.413735
5.472800,0.024413,18.309995
5.482800,0.024276,18.206841
5.492800,0.024139,18.104267
5.502800,0.024003,18.002271
5.512800,0.023868,17.900850
5.522800,0.023733,17.800000
5.532800,0.023600,17.699718
5.542800,0.023467,17.600001
5.552800,0.023334,17.500846
5.562800,0.023203,17.402250
5.572800,0.023072,17.304209
5.582800,0.022942,17.206721
5.592800,0.022813,17.109782
5.602800,0.022685,17.013388
5.612800,0.022557,16.917538
5.622800,0.022430,16.822228
5.632800,0.022303,16.727455
5.642800,0.022178,16.633216
5.652800,0.022053,16.539508
5.662800,0.021928,16.446327
5.672800,0.021805,16.353672
5.682800,0.021682,16.261539
5.692800,0.021560,16.169924
5.702800,0.021438,16.078826
5.712800,0.021318,15.988241
5.722800,0.021198,15.898167
5.732800,0.021078,15.808599
5.742800,0.020959,15.719537
5.752800,0.020841,15.630976
5.762800,0.020724,15.542914
5.772800,0.020607,15.455349
5.782800,0.020491,15.368276
5.792800,0.020376,15.281694
5.802800,0.020261,15.195600
5.812800,0.020147,15.109991
5.822800,0.020033,15.024865
5.832800,0.019920,14.940217
5.842800,0.019808,14.856047
5.852800,0.019696,14.772351
5.862800,0.019586,14.689127
5.872800,0.019475,14.606371
5.882800,0.019365,14.524082
5.892800,0.019256,14.442256
5.902800,0.019148,14.360891
5.912800,0.019040,14.279985
5.922800,0.018933,14.199534
5.932800,0.018826,14.119537
5.942800,0.018720,14.039990
5.952800,0.018615,13.960891
5.962800,0.018510,13.882238
5.972800,0.018405,13.804029
5.982800,0.018302,13.726259
5.992800,0.018199,13.648928
6.002800,0.018096,13.572033
6.012800,0.017994,13.495571
6.022800,0.017893,13.419540
6.032800,0.017792,13.343936
6.042800,0.017692,13.268759
6.052800,0.017592,13.194006
6.062800,0.017493,13.119673
6.072800,0.017394,13.045760
6.082800,0.017296,12.972262
6.092800,0.017199,12.899179
6.102800,0.017102,12.826508
6.112800,0.017006,12.754246
6.122800,0.016910,12.682391
6.132800,0.016815,12.610941
6.142800,0.016720,12.539893
6.152800,0.016626,12.469246
6.162800,0.016532,12.398997
6.172800,0.016439,12.329143
6.182800,0.016346,12.259683
6.192800,0.016254,12.190615
6.202800,0.016163,12.121935
6.212800,0.016072,12.053643
6.222800,0.015981,11.985735
6.232800,0.015891,11.918209
6.242800,0.015801,11.851065
6.252800,0.015712,11.784298
6.262800,0.015624,11.717908
6.272800,0.015536,11.651891
6.282800,0.015448,11.586247
6.292800,0.015361,11.520972
6.302800,0.015275,11.456065
6.312800,0.015189,11.391524
6.322800,0.015103,11.327346
6.332800,0.015018,11.263530
6.342800,0.014933,11.200074
6.352800,0.014849,11.136975
6.362800,0.014766,11.074231
6.372800,0.014682,11.011841
6.382800,0.014600,10.949803
6.392800,0.014517,10.888114
6.402800,0.014436,10.826772
6.412800,0.014354,10.765776
6.422800,0.014273,10.705124
6.432800,0.014193,10.644814
6.442800,0.014113,10.584843
6.452800,0.014034,10.525210
6.462800,0.013955,10.465913
6.472800,0.013876,10.406950
6.482800,0.013798,10.348319
6.492800,0.013720,10.290019
6.502800,0.013643,10.232047
6.512800,0.013566,10.174402
6.522800,0.013489,10.117081
6.532800,0.013413,10.060083
6.542800,0.013338,10.003407
6.552800,0.013263,9.947050
6.562800,0.013188,9.891010
6.572800,0.013114,9.835286
6.582800,0.013040,9.779876
6.592800,0.012966,9.724778
6.602800,0.012893,9.669991
6.612800,0.012821,9.615512
6.622800,0.012748,9.561340
6.632800,0.012677,9.507473
6.642800,0.012605,9.453910
6.652800,0.012534,9.400648
6.662800,0.012464,9.347687
6.672800,0.012393,9.295024
6.682800,0.012324,9.242658
6.692800,0.012254,9.190586
6.702800,0.012185,9.138808
6.712800,0.012116,9.087322
6.722800,0.012048,9.036126
6.732800,0.011980,8.985218
6.742800,0.011913,8.934597
6.752800,0.011846,8.884262
6.762800,0.011779,8.834209
6.772800,0.011713,8.784439
6.782800,0.011647,8.734949
6.792800,0.011581,8.685738
6.802800,0.011516,8.636805
6.812800,0.011451,8.588147
6.822800,0.011386,8.539763
6.832800,0.011322,8.491651
6.842800,0.011258,8.443811
6.852800,0.011195,8.396240
6.862800,0.011132,8.348938
6.872800,0.011069,8.301901
6.882800,0.011007,8.255130
6.892800,0.010945,8.208622
6.902800,0.010883,8.162376
6.912800,0.010822,8.116391
6.922800,0.010761,8.070665
6.932800,0.010700,8.025197
6.942800,0.010640,7.979984
6.952800,0.010580,7.935026
6.962800,0.010520,7.890322
6.972800,0.010461,7.845870
6.982800,0.010402,7.801668
6.992800,0.010344,7.757714
7.002800,0.010285,7.714009
7.012800,0.010227,7.670550
7.022800,0.010170,7.627335
7.032800,0.010112,7.584365
7.042800,0.010056,7.541636
7.052800,0.009999,7.499148
7.062800,0.009943,7.456899
7.072800,0.009887,7.414888
7.082800,0.009831,7.373114
7.092800,0.009775,7.331576
7.102800,0.009720,7.290271
7.112800,0.009666,7.249199
7.122800,0.009611,7.208358
7.132800,0.009557,7.167748
7.142800,0.009503,7.127366
7.152800,0.009450,7.087212
7.162800,0.009396,7.047284
7.172800,0.009343,7.007581
7.182800,0.009291,6.968102
7.192800,0.009238,6.928845
7.202800,0.009186,6.889809
7.212800,0.009135,6.850993
7.222800,0.009083,6.812396
7.232800,0.009032,6.774016
7.242800,0.008981,6.735853
7.252800,0.008931,6.697905
7.262800,0.008880,6.660170
7.272800,0.008830,6.622648
7.282800,0.008780,6.585337
7.292800,0.008731,6.548237
7.302800,0.008682,6.511345
7.312800,0.008633,6.474661
7.322800,0.008584,6.438184
7.332800,0.008536,6.401913
7.342800,0.008488,6.365846
7.352800,0.008440,6.329982
7.362800,0.008392,6.294320
7.372800,0.008345,6.258859
7.382800,0.008298,6.223598
7.392800,0.008251,6.188535
7.402800,0.008205,6.153670
7.412800,0.008159,6.119002
7.422800,0.008113,6.084529
7.432800,0.008067,6.050250
7.442800,0.008022,6.016164
7.452800,0.007976,5.982270
7.462800,0.007931,5.948567
7.472800,0.007887,5.915054
7.482800,0.007842,5.881730
7.492800,0.007798,5.848593
7.502800,0.007754,5.815643
7.512800,0.007711,5.782879
7.522800,0.007667,5.750299
7.532800,0.007624,5.717903
7.542800,0.007581,5.685690
7.552800,0.007538,5.653658
7.562800,0.007496,5.621806
7.572800,0.007454,5.590134
7.582800,0.007412,5.558640
7.592800,0.007370,5.527324
7.602800,0.007328,5.496184
7.612800,0.007287,5.465220
7.622800,0.007246,5.434430
7.632800,0.007205,5.403813
7.642800,0.007164,5.373369
7.652800,0.007124,5.343097
7.662800,0.007084,5.312995
7.672800,0.007044,5.283063
7.682800,0.007004,5.253299
7.692800,0.006965,5.223703
7.702800,0.006926,5.194273
7.712800,0.006887,5.165010
7.722800,0.006848,5.135911
7.732800,0.006809,5.106977
7.742800,0.006771,5.078205
7.752800,0.006733,5.049595
7.762800,0.006695,5.021147
7.772800,0.006657,4.992859
7.782800,0.006620,4.964730
7.792800,0.006582,4.936760
7.802800,0.006545,4.908947
7.812800,0.006508,4.881291
7.822800,0.006472,4.853791
7.832800,0.006435,4.826445
7.842800,0.006399,4.799254
7.852800,0.006363,4.772216
7.862800,0.006327,4.745330
7.872800,0.006291,4.718596
7.882800,0.006256,4.692012
7.892800,0.006221,4.665578
7.902800,0.006186,4.639294
7.912800,0.006151,4.613157
7.922800,0.006116,4.587167
7.932800,0.006082,4.561324
7.942800,0.006048,4.535626
7.952800,0.006013,4.510073
7.962800,0.005980,4.484665
7.972800,0.005946,4.459399
7.982800,0.005912,4.434275
7.992800,0.005879,4.409294
8.002800,0.005846,4.384453
8.012800,0.005813,4.359751
8.022800,0.005780,4.335189
8.032800,0.005748,4.310766
8.042800,0.005715,4.286480
8.052800,0.005683,4.262331
8.062800,0.005651,4.238318
8.072800,0.005619,4.214440
8.082800,0.005588,4.190696
8.092800,0.005556,4.167087
8.102800,0.005525,4.143610
8.112800,0.005494,4.120266
8.122800,0.005463,4.097053
8.132800,0.005432,4.073971
8.142800,0.005401,4.051019
8.152800,0.005371,4.028197
8.162800,0.005341,4.005503
8.172800,0.005311,3.982936
8.182800,0.005281,3.960497
8.192800,0.005251,3.938185
8.202800,0.005221,3.915998
8.212800,0.005192,3.893936
8.222800,0.005163,3.871998
8.232800,0.005134,3.850184
8.242800,0.005105,3.828493
8.252800,0.005076,3.806924
8.262800,0.005047,3.785476
8.272800,0.005019,3.764150
8.282800,0.004991,3.742943
8.292800,0.004962,3.721856
8.302800,0.004935,3.700888
8.312800,0.004907,3.680038
8.322800,0.004879,3.659305
8.332800,0.004852,3.638690
8.342800,0.004824,3.618190
8.352800,0.004797,3.597806
8.362800,0.004770,3.577536
8.372800,0.004743,3.557381
8.382800,0.004716,3.537340
8.392800,0.004690,3.517411
8.402800,0.004663,3.497595
8.412800,0.004637,3.477890
8.422800,0.004611,3.458296
8.432800,0.004585,3.438813
8.442800,0.004559,3.419439
8.452800,0.004534,3.400175
8.462800,0.004508,3.381019
8.472800,0.004483,3.361971
8.482800,0.004457,3.343030
8.492800,0.004432,3.324196
8.502800,0.004407,3.305468
8.512800,0.004382,3.286846
8.522800,0.004358,3.268328
8.532800,0.004333,3.249915
8.542800,0.004309,3.231606
8.552800,0.004285,3.213400
8.562800,0.004260,3.195296
8.572800,0.004236,3.177294
8.582800,0.004213,3.159394
8.592800,0.004189,3.141595
8.602800,0.004165,3.123896
8.612800,0.004142,3.106296
8.622800,0.004118,3.088796
8.632800,0.004095,3.071394
8.642800,0.004072,3.054091
8.652800,0.004049,3.036885
8.662800,0.004026,3.019775
8.672800,0.004004,3.002762
8.682800,0.003981,2.985846
8.692800,0.003959,2.969024
8.702800,0.003936,2.952297
8.712800,0.003914,2.935664
8.722800,0.003892,2.919125
8.732800,0.003870,2.902680
8.742800,0.003848,2.886326
8.752800,0.003827,2.870065
8.762800,0.003805,2.853896
8.772800,0.003784,2.837818
8.782800,0.003762,2.821830
8.792800,0.003741,2.805932
8.802800,0.003720,2.790124
8.812800,0.003699,2.774405
8.822800,0.003678,2.758775
8.832800,0.003658,2.743233
8.842800,0.003637,2.727778
8.852800,0.003617,2.712410
8.862800,0.003596,2.697129
8.872800,0.003576,2.681934
8.882800,0.003556,2.666824
8.892800,0.003536,2.651800
8.902800,0.003516,2.636860
8.912800,0.003496,2.622005
8.922800,0.003476,2.607233
8.932800,0.003457,2.592544
8.942800,0.003437,2.577938
8.952800,0.003418,2.563415
8.962800,0.003399,2.548973
8.972800,0.003379,2.534612
8.982800,0.003360,2.520333
8.992800,0.003342,2.506134
9.002800,0.003323,2.492015
9.012800,0.003304,2.477975
9.022800,0.003285,2.464015
9.032800,0.003267,2.450133
9.042800,0.003248,2.436329
9.052800,0.003230,2.422604
9.062800,0.003212,2.408955
9.072800,0.003194,2.395384
9.082800,0.003176,2.381889
9.092800,0.003158,2.368469
9.102800,0.003140,2.355126
9.112800,0.003122,2.341858
9.122800,0.003105,2.328664
9.132800,0.003087,2.315545
9.142800,0.003070,2.302499
9.152800,0.003053,2.289528
9.162800,0.003036,2.276629
9.172800,0.003018,2.263803
9.182800,0.003001,2.251049
9.192800,0.002984,2.238367
9.202800,0.002968,2.225757
9.212800,0.002951,2.213217
9.222800,0.002934,2.200748
9.232800,0.002918,2.188350
9.242800,0.002901,2.176021
9.252800,0.002885,2.163762
9.262800,0.002869,2.151571
9.272800,0.002853,2.139450
9.282800,0.002837,2.127397
9.292800,0.002821,2.115411
9.302800,0.002805,2.103494
9.312800,0.002789,2.091643
9.322800,0.002773,2.079859
9.332800,0.002758,2.068141
9.342800,0.002742,2.056490
9.352800,0.002727,2.044904
9.362800,0.002711,2.033383
9.372800,0.002696,2.021928
9.382800,0.002681,2.010537
9.392800,0.002666,1.999210
9.402800,0.002651,1.987947
9.412800,0.002636,1.976747
9.422800,0.002621,1.965610
9.432800,0.002606,1.954536
9.442800,0.002591,1.943525
9.452800,0.002577,1.932575
9.462800,0.002562,1.921688
9.472800,0.002548,1.910861
9.482800,0.002533,1.900096
9.492800,0.002519,1.889391
9.502800,0.002505,1.878747
9.512800,0.002491,1.868162
9.522800,0.002477,1.857637
9.532800,0.002463,1.847172
9.542800,0.002449,1.836765
9.552800,0.002435,1.826417
9.562800,0.002422,1.816128
9.572800,0.002408,1.805896
9.582800,0.002394,1.795722
9.592800,0.002381,1.785605
9.602800,0.002367,1.775545
9.612800,0.002354,1.765542
9.622800,0.002341,1.755595
9.632800,0.002328,1.745705
9.642800,0.002314,1.735870
9.652800,0.002301,1.726090
9.662800,0.002288,1.716366
9.672800,0.002276,1.706696
9.682800,0.002263,1.697081
9.692800,0.002250,1.687520
9.702800,0.002237,1.678013
9.712800,0.002225,1.668559
9.722800,0.002212,1.659159
9.732800,0.002200,1.649812
9.742800,0.002187,1.640517
9.752800,0.002175,1.631274
9.762800,0.002163,1.622084
9.772800,0.002151,1.612946
9.782800,0.002138,1.603859
9.792800,0.002126,1.594823
9.802800,0.002114,1.585838
9.812800,0.002103,1.576904
9.822800,0.002091,1.568020
9.832800,0.002079,1.559186
9.842800,0.002067,1.550402
9.852800,0.002056,1.541667
9.862800,0.002044,1.532981
9.872800,0.002032,1.524345
9.882800,0.002021,1.515757
9.892800,0.002010,1.507218
9.902800,0.001998,1.498726
9.912800,0.001987,1.490283
9.922800,0.001976,1.481887
9.932800,0.001965,1.473538
9.942800,0.001954,1.465236
9.952800,0.001943,1.456982
9.962800,0.001932,1.448773
9.972800,0.001921,1.440611
9.982800,0.001910,1.432495
9.992800,0.001899,1.424425
10.002800,0.001889,1.416400
10.012800,0.001878,1.408420
10.022800,0.001867,1.400485
10.032800,0.001857,1.392595
10.042800,0.001846,1.384750
10.052800,0.001836,1.376948
10.062800,0.001826,1.369191
10.072800,0.001815,1.361477
10.082800,0.001805,1.353807
10.092800,0.001795,1.346180
10.102800,0.001785,1.338596
10.112800,0.001775,1.331054
10.122800,0.001765,1.323555
10.132800,0.001755,1.316099
10.142800,0.001745,1.308684
10.152800,0.001735,1.301311
10.162800,0.001725,1.293980
10.172800,0.001716,1.286690
10.182800,0.001706,1.279441
10.192800,0.001696,1.272233
10.202800,0.001687,1.265065
10.212800,0.001677,1.257938
10.222800,0.001668,1.250851
10.232800,0.001658,1.243804
10.242800,0.001649,1.236797
10.252800,0.001640,1.229829
10.262800,0.001631,1.222900
10.272800,0.001621,1.216011
10.282800,0.001612,1.209160
10.292800,0.001603,1.202348
10.302800,0.001594,1.195574
10.312800,0.001585,1.188838
10.322800,0.001576,1.182141
10.332800,0.001567,1.175481
10.342800,0.001558,1.168858
10.352800,0.001550,1.162273
10.362800,0.001541,1.155725
10.372800,0.001532,1.149214
10.382800,0.001524,1.142739
10.392800,0.001515,1.136302
10.402800,0.001507,1.129900
10.412800,0.001498,1.123534
10.422800,0.001490,1.117204
10.432800,0.001481,1.110910
10.442800,0.001473,1.104652
10.452800,0.001465,1.098428
10.462800,0.001456,1.092240
10.472800,0.001448,1.086086
10.482800,0.001440,1.079968
10.492800,0.001432,1.073883
10.502800,0.001424,1.067833
10.512800,0.001416,1.061817
10.522800,0.001408,1.055835
10.532800,0.001400,1.049887
10.542800,0.001392,1.043972
10.552800,0.001384,1.038091
10.562800,0.001376,1.032242
10.572800,0.001369,1.026427
10.582800,0.001361,1.020644
10.592800,0.001353,1.014894
10.602800,0.001346,1.009176
10.612800,0.001338,1.003491
10.622800,0.001330,0.997837
10.632800,0.001323,0.992216
10.642800,0.001316,0.986626
10.652800,0.001308,0.981067
10.662800,0.001301,0.975540
10.672800,0.001293,0.970044
10.682800,0.001286,0.964579
10.692800,0.001279,0.959145
10.702800,0.001272,0.953741
10.712800,0.001264,0.948368
10.722800,0.001257,0.943025
10.732800,0.001250,0.937712
10.742800,0.001243,0.932429
10.752800,0.001236,0.927176
10.762800,0.001229,0.921953
10.772800,0.001222,0.916759
10.782800,0.001215,0.911594
10.792800,0.001209,0.906458
10.802800,0.001202,0.901351
10.812800,0.001195,0.896273
10.822800,0.001188,0.891224
10.832800,0.001182,0.886203
10.842800,0.001175,0.881210
10.852800,0.001168,0.876245
10.862800,0.001162,0.871309
10.872800,0.001155,0.866400
10.882800,0.001149,0.861519
10.892800,0.001142,0.856665
10.902800,0.001136,0.851839
10.912800,0.001129,0.847040
10.922800,0.001123,0.842268
10.932800,0.001117,0.837523
10.942800,0.001110,0.832804
10.952800,0.001104,0.828112
10.962800,0.001098,0.823447
10.972800,0.001092,0.818808
10.982800,0.001086,0.814195
10.992800,0.001079,0.809608
11.002800,0.001073,0.805047
11.012800,0.001067,0.800511
11.022800,0.001061,0.796001
11.032800,0.001055,0.791517
11.042800,0.001049,0.787058
11.052800,0.001043,0.782623
11.062800,0.001038,0.778214
11.072800,0.001032,0.773830
11.082800,0.001026,0.769470
11.092800,0.001020,0.765135
11.102800,0.001014,0.760825
11.112800,0.001009,0.756538
11.122800,0.001003,0.752276
11.132800,0.000997,0.748038
11.142800,0.000992,0.743824
11.152800,0.000986,0.739633
11.162800,0.000981,0.735466
11.172800,0.000975,0.731323
11.182800,0.000970,0.727203
11.192800,0.000964,0.723106
11.202800,0.000959,0.719032
11.212800,0.000953,0.714981
11.222800,0.000948,0.710953
11.232800,0.000943,0.706948
11.242800,0.000937,0.702965
11.252800,0.000932,0.699004
11.262800,0.000927,0.695066
11.272800,0.000922,0.691150
11.282800,0.000916,0.687257
11.292800,0.000911,0.683385
11.302800,0.000906,0.679535
11.312800,0.000901,0.675706
11.322800,0.000896,0.671900
11.332800,0.000891,0.668114
11.342800,0.000886,0.664350
11.352800,0.000881,0.660607
11.362800,0.000876,0.656886
11.372800,0.000871,0.653185
11.382800,0.000866,0.649505
11.392800,0.000861,0.645846
11.402800,0.000856,0.642207
11.412800,0.000851,0.638589
11.422800,0.000847,0.634991
11.432800,0.000842,0.631414
11.442800,0.000837,0.627857
11.452800,0.000832,0.624320
11.462800,0.000828,0.620802
11.472800,0.000823,0.617305
11.482800,0.000818,0.613827
11.492800,0.000814,0.610369
11.502800,0.000809,0.606930
11.512800,0.000805,0.603511
11.522800,0.000800,0.600111
11.532800,0.000796,0.596730
11.542800,0.000791,0.593368
11.552800,0.000787,0.590025
11.562800,0.000782,0.586701
11.572800,0.000778,0.583396
11.582800,0.000773,0.580109
11.592800,0.000769,0.576841
11.602800,0.000765,0.573591
11.612800,0.000760,0.570359
11.622800,0.000756,0.567146
11.632800,0.000752,0.563951
11.642800,0.000748,0.560774
11.652800,0.000743,0.557614
11.662800,0.000739,0.554473
11.672800,0.000735,0.551349
11.682800,0.000731,0.548243
11.692800,0.000727,0.545154
11.702800,0.000723,0.542083
11.712800,0.000719,0.539029
11.722800,0.000715,0.535992
11.732800,0.000711,0.532972
11.742800,0.000707,0.529970
11.752800,0.000703,0.526984
11.762800,0.000699,0.524015
11.772800,0.000695,0.521063
11.782800,0.000691,0.518127
11.792800,0.000687,0.515208
11.802800,0.000683,0.512306
11.812800,0.000679,0.509420
11.822800,0.000675,0.506550
11.832800,0.000672,0.503696
11.842800,0.000668,0.500858
11.852800,0.000664,0.498036
11.862800,0.000660,0.495230
11.872800,0.000657,0.492440
11.882800,0.000653,0.489666
11.892800,0.000649,0.486907
11.902800,0.000646,0.484164
11.912800,0.000642,0.481437
11.922800,0.000638,0.478724
11.932800,0.000635,0.476027
11.942800,0.000631,0.473345
11.952800,0.000628,0.470679
11.962800,0.000624,0.468027
11.972800,0.000621,0.465390
11.982800,0.000617,0.462768
11.992800,0.000614,0.460161
12.002800,0.000610,0.457569
12.012800,0.000607,0.454991
12.022800,0.000603,0.452428
12.032800,0.000600,0.449879
12.042800,0.000596,0.447344
12.052800,0.000593,0.444824
12.062800,0.000590,0.442318
12.072800,0.000586,0.439826
12.082800,0.000583,0.437348
12.092800,0.000580,0.434884
12.102800,0.000577,0.432434
12.112800,0.000573,0.429998
12.122800,0.000570,0.427575
12.132800,0.000567,0.425166
12.142800,0.000564,0.422771
12.152800,0.000561,0.420389
12.162800,0.000557,0.418021
12.172800,0.000554,0.415666
12.182800,0.000551,0.413324
12.192800,0.000548,0.410995
12.202800,0.000545,0.408680
12.212800,0.000542,0.406378
12.222800,0.000539,0.404088
12.232800,0.000536,0.401812
12.242800,0.000533,0.399548
12.252800,0.000530,0.397297
12.262800,0.000527,0.395059
12.272800,0.000524,0.392833
12.282800,0.000521,0.390620
12.292800,0.000518,0.388419
12.302800,0.000515,0.386231
12.312800,0.000512,0.384055
12.322800,0.000509,0.381891
12.332800,0.000506,0.379740
12.342800,0.000503,0.377600
12.352800,0.000501,0.375473
12.362800,0.000498,0.373358
12.372800,0.000495,0.371254
12.382800,0.000492,0.369163
12.392800,0.000489,0.367083
12.402800,0.000487,0.365015
12.412800,0.000484,0.362958
12.422800,0.000481,0.360913
12.432800,0.000479,0.358880
12.442800,0.000476,0.356858
12.452800,0.000473,0.354848
12.462800,0.000470,0.352849
12.472800,0.000468,0.350861
12.482800,0.000465,0.348884
12.492800,0.000463,0.346919
12.502800,0.000460,0.344964
12.512800,0.000457,0.343021
12.522800,0.000455,0.341088
12.532800,0.000452,0.339167
12.542800,0.000450,0.337256
12.552800,0.000447,0.335356
12.562800,0.000445,0.333466
12.572800,0.000442,0.331588
12.582800,0.000440,0.329720
12.592800,0.000437,0.327862
12.602800,0.000435,0.326015
12.612800,0.000432,0.324178
12.622800,0.000430,0.322352
12.632800,0.000427,0.320536
12.642800,0.000425,0.318730
12.652800,0.000423,0.316934
12.662800,0.000420,0.315149
12.672800,0.000418,0.313373
12.682800,0.000415,0.311608
12.692800,0.000413,0.309852
12.702800,0.000411,0.308107
12.712800,0.000408,0.306371
12.722800,0.000406,0.304645
12.732800,0.000404,0.302928
12.742800,0.000402,0.301222
12.752800,0.000399,0.299525
12.762800,0.000397,0.297837
12.772800,0.000395,0.296159
12.782800,0.000393,0.294491
12.792800,0.000390,0.292832
12.802800,0.000388,0.291182
12.812800,0.000386,0.289542
12.822800,0.000384,0.287910
12.832800,0.000382,0.286288
12.842800,0.000380,0.284675
12.852800,0.000377,0.283072
12.862800,0.000375,0.281477
12.872800,0.000373,0.279891
12.882800,0.000371,0.278314
12.892800,0.000369,0.276746
12.902800,0.000367,0.275187
12.912800,0.000365,0.273637
12.922800,0.000363,0.272095
12.932800,0.000361,0.270562
12.942800,0.000359,0.269038
12.952800,0.000357,0.267522
12.962800,0.000355,0.266015
12.972800,0.000353,0.264516
12.982800,0.000351,0.263026
12.992800,0.000349,0.261544
13.002800,0.000347,0.260071
13.012800,0.000345,0.258606
13.022800,0.000343,0.257149
13.032800,0.000341,0.255700
13.042800,0.000339,0.254259
13.052800,0.000337,0.252827
13.062800,0.000335,0.251403
13.072800,0.000333,0.249986
13.082800,0.000331,0.248578
13.092800,0.000330,0.247177
13.102800,0.000328,0.245785
13.112800,0.000326,0.244400
13.122800,0.000324,0.243023
13.132800,0.000322,0.241654
13.142800,0.000320,0.240293
13.152800,0.000319,0.238939
13.162800,0.000317,0.237593
13.172800,0.000315,0.236254
13.182800,0.000313,0.234923
13.192800,0.000311,0.233600
13.202800,0.000310,0.232284
13.212800,0.000308,0.230975
13.222800,0.000306,0.229674
13.232800,0.000305,0.228380
13.242800,0.000303,0.227093
13.252800,0.000301,0.225814
13.262800,0.000299,0.224542
13.272800,0.000298,0.223277
13.282800,0.000296,0.222019
13.292800,0.000294,0.220768
13.302800,0.000293,0.219524
13.312800,0.000291,0.218287
13.322800,0.000289,0.217058
13.332800,0.000288,0.215835
13.342800,0.000286,0.214619
13.352800,0.000285,0.213410
13.362800,0.000283,0.212207
13.372800,0.000281,0.211012
13.382800,0.000280,0.209823
13.392800,0.000278,0.208641
13.402800,0.000277,0.207465
13.412800,0.000275,0.206297
13.422800,0.000274,0.205134
13.432800,0.000272,0.203979
13.442800,0.000270,0.202829
13.452800,0.000269,0.201687
13.462800,0.000267,0.200551
13.472800,0.000266,0.199421
13.482800,0.000264,0.198297
13.492800,0.000263,0.197180
13.502800,0.000261,0.196069
13.512800,0.000260,0.194964
13.522800,0.000258,0.193866
13.532800,0.000257,0.192774
13.542800,0.000256,0.191688
13.552800,0.000254,0.190608
13.562800,0.000253,0.189534
13.572800,0.000251,0.188466
13.582800,0.000250,0.187404
13.592800,0.000248,0.186349
13.602800,0.000247,0.185299
13.612800,0.000246,0.184255
13.622800,0.000244,0.183217
13.632800,0.000243,0.182185
13.642800,0.000242,0.181158
13.652800,0.000240,0.180138
13.662800,0.000239,0.179123
13.672800,0.000237,0.178114
13.682800,0.000236,0.177110
13.692800,0.000235,0.176112
13.702800,0.000233,0.175120
13.712800,0.000232,0.174134
13.722800,0.000231,0.173153
13.732800,0.000230,0.172177
13.742800,0.000228,0.171207
13.752800,0.000227,0.170242
13.762800,0.000226,0.169283
13.772800,0.000224,0.168330
13.782800,0.000223,0.167381
13.792800,0.000222,0.166438
13.802800,0.000221,0.165501
13.812800,0.000219,0.164568
13.822800,0.000218,0.163641
13.832800,0.000217,0.162719
13.842800,0.000216,0.161802
13.852800,0.000215,0.160891
13.862800,0.000213,0.159984
13.872800,0.000212,0.159083
13.882800,0.000211,0.158187
13.892800,0.000210,0.157296
13.902800,0.000209,0.156410
13.912800,0.000207,0.155528
13.922800,0.000206,0.154652
13.932800,0.000205,0.153781
13.942800,0.000204,0.152914
13.952800,0.000203,0.152053
13.962800,0.000202,0.151196
13.972800,0.000200,0.150345
13.982800,0.000199,0.149498
13.992800,0.000198,0.148655
14.002800,0.000197,0.147818
14.012800,0.000196,0.146985
14.022800,0.000195,0.146157
14.032800,0.000194,0.145334
14.042800,0.000193,0.144515
14.052800,0.000192,0.143701
14.062800,0.000191,0.142891
14.072800,0.000189,0.142086
14.082800,0.000188,0.141286
14.092800,0.000187,0.140490
14.102800,0.000186,0.139698
14.112800,0.000185,0.138911
14.122800,0.000184,0.138128
14.132800,0.000183,0.137350
14.142800,0.000182,0.136576
14.152800,0.000181,0.135807
14.162800,0.000180,0.135042
14.172800,0.000179,0.134281
14.182800,0.000178,0.133525
14.192800,0.000177,0.132772
14.202800,0.000176,0.132024
14.212800,0.000175,0.131280
14.222800,0.000174,0.130541
14.232800,0.000173,0.129805
14.242800,0.000172,0.129074
14.252800,0.000171,0.128347
14.262800,0.000170,0.127624
14.272800,0.000169,0.126905
14.282800,0.000168,0.126190
14.292800,0.000167,0.125479
14.302800,0.000166,0.124772
14.312800,0.000165,0.124069
14.322800,0.000164,0.123370
14.332800,0.000164,0.122675
14.342800,0.000163,0.121984
14.352800,0.000162,0.121297
14.362800,0.000161,0.120613
14.372800,0.000160,0.119934
14.382800,0.000159,0.119258
14.392800,0.000158,0.118586
14.402800,0.000157,0.117918
14.412800,0.000156,0.117254
14.422800,0.000155,0.116593
14.432800,0.000155,0.115936
14.442800,0.000154,0.115283
14.452800,0.000153,0.114634
14.462800,0.000152,0.113988
14.472800,0.000151,0.113346
14.482800,0.000150,0.112707
14.492800,0.000149,0.112072
14.502800,0.000149,0.111441
14.512800,0.000148,0.110813
14.522800,0.000147,0.110189
14.532800,0.000146,0.109568
14.542800,0.000145,0.108951
14.552800,0.000144,0.108337
14.562800,0.000144,0.107726
14.572800,0.000143,0.107120
14.582800,0.000142,0.106516
14.592800,0.000141,0.105916
14.602800,0.000140,0.105319
14.612800,0.000140,0.104726
14.622800,0.000139,0.104136
14.632800,0.000138,0.103549
14.642800,0.000137,0.102966
14.652800,0.000137,0.102386
14.662800,0.000136,0.101809
14.672800,0.000135,0.101235
14.682800,0.000134,0.100665
14.692800,0.000133,0.100098
14.702800,0.000133,0.099534
14.712800,0.000132,0.098973
14.722800,0.000131,0.098416
14.732800,0.000130,0.097861
14.742800,0.000130,0.097310
14.752800,0.000129,0.096762
14.762800,0.000128,0.096216
14.772800,0.000128,0.095674
14.782800,0.000127,0.095135
14.792800,0.000126,0.094599
14.802800,0.000125,0.094066
14.812800,0.000125,0.093537
14.822800,0.000124,0.093010
14.832800,0.000123,0.092486
14.842800,0.000123,0.091965
14.852800,0.000122,0.091446
14.862800,0.000121,0.090931
14.872800,0.000121,0.090419
14.882800,0.000120,0.089910
14.892800,0.000119,0.089403
14.902800,0.000119,0.088899
14.912800,0.000118,0.088398
14.922800,0.000117,0.087900
14.932800,0.000117,0.087405
14.942800,0.000116,0.086913
14.952800,0.000115,0.086423
14.962800,0.000115,0.085936
14.972800,0.000114,0.085452
14.982800,0.000113,0.084971
14.992800,0.000113,0.084492
15.002800,0.000112,0.084016
15.012800,0.000111,0.083543
15.022800,0.000111,0.083072
15.032800,0.000110,0.082604
15.042800,0.000110,0.082139
15.052800,0.000109,0.081676
15.062800,0.000108,0.081216
15.072800,0.000108,0.080758
15.082800,0.000107,0.080303
15.092800,0.000106,0.079851
15.102800,0.000106,0.079401
15.112800,0.000105,0.078954
15.122800,0.000105,0.078509
15.132800,0.000104,0.078066
15.142800,0.000104,0.077627
15.152800,0.000103,0.077189
15.162800,0.000102,0.076754
15.172800,0.000102,0.076322
15.182800,0.000101,0.075892
15.192800,0.000101,0.075465
15.202800,0.000100,0.075039
15.212800,0.000099,0.074617
15.222800,0.000099,0.074196
15.232800,0.000098,0.073778
15.242800,0.000098,0.073363
15.252800,0.000097,0.072949
15.262800,0.000097,0.072538
15.272800,0.000096,0.072130
15.282800,0.000096,0.071723
15.292800,0.000095,0.071319
15.302800,0.000095,0.070917
15.312800,0.000094,0.070518
15.322800,0.000093,0.070121
15.332800,0.000093,0.069725
15.342800,0.000092,0.069333
15.352800,0.000092,0.068942
15.362800,0.000091,0.068554
15.372800,0.000091,0.068167
15.382800,0.000090,0.067783
15.392800,0.000090,0.067402
15.402800,0.000089,0.067022
15.412800,0.000089,0.066644
15.422800,0.000088,0.066269
15.432800,0.000088,0.065895
15.442800,0.000087,0.065524
15.452800,0.000087,0.065155
15.462800,0.000086,0.064788
15.472800,0.000086,0.064423
15.482800,0.000085,0.064060
15.492800,0.000085,0.063699
15.502800,0.000084,0.063340
15.512800,0.000084,0.062983
15.522800,0.000084,0.062629
15.532800,0.000083,0.062276
15.542800,0.000083,0.061925
15.552800,0.000082,0.061576
15.562800,0.000082,0.061229
15.572800,0.000081,0.060884
15.582800,0.000081,0.060541
15.592800,0.000080,0.060200
15.602800,0.000080,0.059861
15.612800,0.000079,0.059524
15.622800,0.000079,0.059188
15.632800,0.000078,0.058855
15.642800,0.000078,0.058523
15.652800,0.000078,0.058194
15.662800,0.000077,0.057866
15.672800,0.000077,0.057540
15.682800,0.000076,0.057216
15.692800,0.000076,0.056893
15.702800,0.000075,0.056573
15.712800,0.000075,0.056254
15.722800,0.000075,0.055937
15.732800,0.000074,0.055622
15.742800,0.000074,0.055309
15.752800,0.000073,0.054997
15.762800,0.000073,0.054687
15.772800,0.000073,0.054379
15.782800,0.000072,0.054073
15.792800,0.000072,0.053768
15.802800,0.000071,0.053465
15.812800,0.000071,0.053164
15.822800,0.000070,0.052864
15.832800,0.000070,0.052567
15.842800,0.000070,0.052270
15.852800,0.000069,0.051976
15.862800,0.000069,0.051683
15.872800,0.000069,0.051392
15.882800,0.000068,0.051102
15.892800,0.000068,0.050814
15.902800,0.000067,0.050528
15.912800,0.000067,0.050244
15.922800,0.000067,0.049960
15.932800,0.000066,0.049679
15.942800,0.000066,0.049399
15.952800,0.000065,0.049121
15.962800,0.000065,0.048844
15.972800,0.000065,0.048569
15.982800,0.000064,0.048295
15.992800,0.000064,0.048023
16.002800,0.000064,0.047753
16.012800,0.000063,0.047484
16.022800,0.000063,0.047216
16.032800,0.000063,0.046950
16.042800,0.000062,0.046686
16.052800,0.000062,0.046423
16.062800,0.000062,0.046161
16.072800,0.000061,0.045901
16.082800,0.000061,0.045642
16.092800,0.000061,0.045385
16.102800,0.000060,0.045130
16.112800,0.000060,0.044875
16.122800,0.000059,0.044622
16.132800,0.000059,0.044371
16.142800,0.000059,0.044121
16.152800,0.000058,0.043873
16.162800,0.000058,0.043625
16.172800,0.000058,0.043380
16.182800,0.000058,0.043135
16.192800,0.000057,0.042892
16.202800,0.000057,0.042651
16.212800,0.000057,0.042410
16.222800,0.000056,0.042171
16.232800,0.000056,0.041934
16.242800,0.000056,0.041697
16.252800,0.000055,0.041463
16.262800,0.000055,0.041229
16.272800,0.000055,0.040997
16.282800,0.000054,0.040766
16.292800,0.000054,0.040536
16.302800,0.000054,0.040308
16.312800,0.000053,0.040081
16.322800,0.000053,0.039855
16.332800,0.000053,0.039630
16.342800,0.000053,0.039407
16.352800,0.000052,0.039185
16.362800,0.000052,0.038964
16.372800,0.000052,0.038745
16.382800,0.000051,0.038526
16.392800,0.000051,0.038309
16.402800,0.000051,0.038094
16.412800,0.000051,0.037879
16.422800,0.000050,0.037666
16.432800,0.000050,0.037453
16.442800,0.000050,0.037242
16.452800,0.000049,0.037033
16.462800,0.000049,0.036824
16.472800,0.000049,0.036616
16.482800,0.000049,0.036410
16.492800,0.000048,0.036205
16.502800,0.000048,0.036001
16.512800,0.000048,0.035798
16.522800,0.000047,0.035597
16.532800,0.000047,0.035396
16.542800,0.000047,0.035197
16.552800,0.000047,0.034998
16.562800,0.000046,0.034801
16.572800,0.000046,0.034605
16.582800,0.000046,0.034410
16.592800,0.000046,0.034216
16.602800,0.000045,0.034023
16.612800,0.000045,0.033832
16.622800,0.000045,0.033641
16.632800,0.000045,0.033452
16.642800,0.000044,0.033263
16.652800,0.000044,0.033076
16.662800,0.000044,0.032889
16.672800,0.000044,0.032704
16.682800,0.000043,0.032520
16.692800,0.000043,0.032337
16.702800,0.000043,0.032155
16.712800,0.000043,0.031973
16.722800,0.000042,0.031793
16.732800,0.000042,0.031614
16.742800,0.000042,0.031436
16.752800,0.000042,0.031259
16.762800,0.000041,0.031083
16.772800,0.000041,0.030908
16.782800,0.000041,0.030734
16.792800,0.000041,0.030560
16.802800,0.000041,0.030388
16.812800,0.000040,0.030217
16.822800,0.000040,0.030047
16.832800,0.000040,0.029878
16.842800,0.000040,0.029709
16.852800,0.000039,0.029542
16.862800,0.000039,0.029375
16.872800,0.000039,0.029210
16.882800,0.000039,0.029045
16.892800,0.000039,0.028882
16.902800,0.000038,0.028719
16.912800,0.000038,0.028557
16.922800,0.000038,0.028396
16.932800,0.000038,0.028236
16.942800,0.000037,0.028077
16.952800,0.000037,0.027919
16.962800,0.000037,0.027762
16.972800,0.000037,0.027605
16.982800,0.000037,0.027450
16.992800,0.000036,0.027295
17.002800,0.000036,0.027141
17.012800,0.000036,0.026989
17.022800,0.000036,0.026836
17.032800,0.000036,0.026685
17.042800,0.000035,0.026535
17.052800,0.000035,0.026385
17.062800,0.000035,0.026237
17.072800,0.000035,0.026089
17.082800,0.000035,0.025942
17.092800,0.000034,0.025796
17.102800,0.000034,0.025651
17.112800,0.000034,0.025506
17.122800,0.000034,0.025362
17.132800,0.000034,0.025219
17.142800,0.000033,0.025077
17.152800,0.000033,0.024936
17.162800,0.000033,0.024796
17.172800,0.000033,0.024656
17.182800,0.000033,0.024517
17.192800,0.000033,0.024379
17.202800,0.000032,0.024242
17.212800,0.000032,0.024105
17.222800,0.000032,0.023969
17.232800,0.000032,0.023834
17.242800,0.000032,0.023700
17.252800,0.000031,0.023566
17.262800,0.000031,0.023434
17.272800,0.000031,0.023302
17.282800,0.000031,0.023170
17.292800,0.000031,0.023040
17.302800,0.000031,0.022910
17.312800,0.000030,0.022781
17.322800,0.000030,0.022652
17.332800,0.000030,0.022525
17.342800,0.000030,0.022398
17.352800,0.000030,0.022272
17.362800,0.000030,0.022146
17.372800,0.000029,0.022022
17.382800,0.000029,0.021897
17.392800,0.000029,0.021774
17.402800,0.000029,0.021651
17.412800,0.000029,0.021529
17.422800,0.000029,0.021408
17.432800,0.000028,0.021288
17.442800,0.000028,0.021168
17.452800,0.000028,0.021048
17.462800,0.000028,0.020930
17.472800,0.000028,0.020812
17.482800,0.000028,0.020695
17.492800,0.000027,0.020578
17.502800,0.000027,0.020462
17.512800,0.000027,0.020347
17.522800,0.000027,0.020232
17.532800,0.000027,0.020118
17.542800,0.000027,0.020005
17.552800,0.000027,0.019892
17.562800,0.000026,0.019780
17.572800,0.000026,0.019669
17.582800,0.000026,0.019558
17.592800,0.000026,0.019448
17.602800,0.000026,0.019338
17.612800,0.000026,0.019229
17.622800,0.000025,0.019121
17.632800,0.000025,0.019013
17.642800,0.000025,0.018906
17.652800,0.000025,0.018799
17.662800,0.000025,0.018694
17.672800,0.000025,0.018588
17.682800,0.000025,0.018484
17.692800,0.000025,0.018379
17.702800,0.000024,0.018276
17.712800,0.000024,0.018173
17.722800,0.000024,0.018070
17.732800,0.000024,0.017969
17.742800,0.000024,0.017867
17.752800,0.000024,0.017767
17.762800,0.000024,0.017667
17.772800,0.000023,0.017567
17.782800,0.000023,0.017468
17.792800,0.000023,0.017370
17.802800,0.000023,0.017272
17.812800,0.000023,0.017175
17.822800,0.000023,0.017078
17.832800,0.000023,0.016982
17.842800,0.000023,0.016886
17.852800,0.000022,0.016791
17.862800,0.000022,0.016696
17.872800,0.000022,0.016602
17.882800,0.000022,0.016509
17.892800,0.000022,0.016416
17.902800,0.000022,0.016323
17.912800,0.000022,0.016231
17.922800,0.000022,0.016140
17.932800,0.000021,0.016049
17.942800,0.000021,0.015958
17.952800,0.000021,0.015869
17.962800,0.000021,0.015779
17.972800,0.000021,0.015690
17.982800,0.000021,0.015602
17.992800,0.000021,0.015514
18.002800,0.000021,0.015427
18.012800,0.000020,0.015340
18.022800,0.000020,0.015253
18.032800,0.000020,0.015167
18.042800,0.000020,0.015082
18.052800,0.000020,0.014997
18.062800,0.000020,0.014912
18.072800,0.000020,0.014828
18.082800,0.000020,0.014745
18.092800,0.000020,0.014662
18.102800,0.000019,0.014579
18.112800,0.000019,0.014497
18.122800,0.000019,0.014415
18.132800,0.000019,0.014334
18.142800,0.000019,0.014253
18.152800,0.000019,0.014173
18.162800,0.000019,0.014093
18.172800,0.000019,0.014014
18.182800,0.000019,0.013935
18.192800,0.000018,0.013856
18.202800,0.000018,0.013778
18.212800,0.000018,0.013701
18.222800,0.000018,0.013623
18.232800,0.000018,0.013547
18.242800,0.000018,0.013470
18.252800,0.000018,0.013395
18.262800,0.000018,0.013319
18.272800,0.000018,0.013244
18.282800,0.000018,0.013169
18.292800,0.000017,0.013095
18.302800,0.000017,0.013021
18.312800,0.000017,0.012948
18.322800,0.000017,0.012875
18.332800,0.000017,0.012803
18.342800,0.000017,0.012730
18.352800,0.000017,0.012659
18.362800,0.000017,0.012587
18.372800,0.000017,0.012516
18.382800,0.000017,0.012446
18.392800,0.000017,0.012376
18.402800,0.000016,0.012306
18.412800,0.000016,0.012237
18.422800,0.000016,0.012168
18.432800,0.000016,0.012099
18.442800,0.000016,0.012031
18.452800,0.000016,0.011963
18.462800,0.000016,0.011896
18.472800,0.000016,0.011829
18.482800,0.000016,0.011762
18.492800,0.000016,0.011696
18.502800,0.000016,0.011630
18.512800,0.000015,0.011565
18.522800,0.000015,0.011499
18.532800,0.000015,0.011435
18.542800,0.000015,0.011370
18.552800,0.000015,0.011306
18.562800,0.000015,0.011243
18.572800,0.000015,0.011179
18.582800,0.000015,0.011116
18.592800,0.000015,0.011054
18.602800,0.000015,0.010991
18.612800,0.000015,0.010929
18.622800,0.000014,0.010868
18.632800,0.000014,0.010807
18.642800,0.000014,0.010746
18.652800,0.000014,0.010685
18.662800,0.000014,0.010625
18.672800,0.000014,0.010565
18.682800,0.000014,0.010506
18.692800,0.000014,0.010446
18.702800,0.000014,0.010388
18.712800,0.000014,0.010329
18.722800,0.000014,0.010271
18.732800,0.000014,0.010213
18.742800,0.000014,0.010155
18.752800,0.000013,0.010098
18.762800,0.000013,0.010041
18.772800,0.000013,0.009985
18.782800,0.000013,0.009928
18.792800,0.000013,0.009873
18.802800,0.000013,0.009817
18.812800,0.000013,0.009762
18.822800,0.000013,0.009707
18.832800,0.000013,0.009652
18.842800,0.000013,0.009598
18.852800,0.000013,0.009543
18.862800,0.000013,0.009490
18.872800,0.000013,0.009436
18.882800,0.000013,0.009383
18.892800,0.000012,0.009330
18.902800,0.000012,0.009278
18.912800,0.000012,0.009225
18.922800,0.000012,0.009173
18.932800,0.000012,0.009122
18.942800,0.000012,0.009070
18.952800,0.000012,0.009019
18.962800,0.000012,0.008968
18.972800,0.000012,0.008918
18.982800,0.000012,0.008868
18.992800,0.000012,0.008818
19.002800,0.000012,0.008768
19.012800,0.000012,0.008719
19.022800,0.000012,0.008670
19.032800,0.000011,0.008621
19.042800,0.000011,0.008572
19.052800,0.000011,0.008524
19.062800,0.000011,0.008476
19.072800,0.000011,0.008428
19.082800,0.000011,0.008381
19.092800,0.000011,0.008333
19.102800,0.000011,0.008286
19.112800,0.000011,0.008240
19.122800,0.000011,0.008193
19.132800,0.000011,0.008147
19.142800,0.000011,0.008101
19.152800,0.000011,0.008056
19.162800,0.000011,0.008010
19.172800,0.000011,0.007965
19.182800,0.000011,0.007920
19.192800,0.000011,0.007876
19.202800,0.000010,0.007831
19.212800,0.000010,0.007787
19.222800,0.000010,0.007743
19.232800,0.000010,0.007700
19.242800,0.000010,0.007656
19.252800,0.000010,0.007613
19.262800,0.000010,0.007570
19.272800,0.000010,0.007528
19.282800,0.000010,0.007485
19.292800,0.000010,0.007443
19.302800,0.000010,0.007401
19.312800,0.000010,0.007359
19.322800,0.000010,0.007318
19.332800,0.000010,0.007277
19.342800,0.000010,0.007236
19.352800,0.000010,0.007195
19.362800,0.000010,0.007154
19.372800,0.000009,0.007114
19.382800,0.000009,0.007074
19.392800,0.000009,0.007034
19.402800,0.000009,0.006995
19.412800,0.000009,0.006955
19.422800,0.000009,0.006916
19.432800,0.000009,0.006877
19.442800,0.000009,0.006838
19.452800,0.000009,0.006800
19.462800,0.000009,0.006761
19.472800,0.000009,0.006723
19.482800,0.000009,0.006685
19.492800,0.000009,0.006648
19.502800,0.000009,0.006610
19.512800,0.000009,0.006573
19.522800,0.000009,0.006536
19.532800,0.000009,0.006499
19.542800,0.000009,0.006463
19.552800,0.000009,0.006426
19.562800,0.000009,0.006390
19.572800,0.000008,0.006354
19.582800,0.000008,0.006318
19.592800,0.000008,0.006283
19.602800,0.000008,0.006247
19.612800,0.000008,0.006212
19.622800,0.000008,0.006177
19.632800,0.000008,0.006142
19.642800,0.000008,0.006108
19.652800,0.000008,0.006073
19.662800,0.000008,0.006039
19.672800,0.000008,0.006005
19.682800,0.000008,0.005971
19.692800,0.000008,0.005937
19.702800,0.000008,0.005904
19.712800,0.000008,0.005871
19.722800,0.000008,0.005838
19.732800,0.000008,0.005805
19.742800,0.000008,0.005772
19.752800,0.000008,0.005740
19.762800,0.000008,0.005707
19.772800,0.000008,0.005675
19.782800,0.000008,0.005643
19.792800,0.000007,0.005611
19.802800,0.000007,0.005580
19.812800,0.000007,0.005548
19.822800,0.000007,0.005517
19.832800,0.000007,0.005486
19.842800,0.000007,0.005455
19.852800,0.000007,0.005424
19.862800,0.000007,0.005394
19.872800,0.000007,0.005363
19.882800,0.000007,0.005333
19.892800,0.000007,0.005303
19.902800,0.000007,0.005273
19.912800,0.000007,0.005243
19.922800,0.000007,0.005214
19.932800,0.000007,0.005185
19.942800,0.000007,0.005155
19.952800,0.000007,0.005126
19.962800,0.000007,0.005097
19.972800,0.000007,0.005069
19.982800,0.000007,0.005040
19.992800,0.000007,0.005012
20.000000,0.000007,0.004991